<?xml version="1.0" encoding="UTF-8" standalone="yes"?>
<addon id="plugin.video.socceracestreams" name="Reddit soccer acestreams" version="0.0.2" provider-name="SR">
  <requires>
    <import addon="xbmc.python" version="2.25.0"/>
    <import addon="xbmc.json" version="7.0.0"/>
  </requires>
  <extension point="xbmc.python.pluginsource" library="addon.py">
    <provides>video</provides>
  </extension>
  <extension point="xbmc.addon.metadata">
    <summary lang="en_GB">Play acestreams from reddit</summary>
    <description lang="en_GB">Retrieves acestream links from r/soccerstreams. Must be used in conjunction with acestream-to-http server</description>
    <disclaimer lang="en_GB"></disclaimer>
    <language></language>
    <platform>all</platform>
    <license></license>
    <forum></forum>
    <website>https://github.com/spiderrabbit/acestream-to-http</website>
    <email></email>
    <source></source>
    <news></news>
    <assets>
        <icon>resources/icon.png</icon>
        <fanart>resources/fanart.jpg</fanart>
        <banner></banner>
        <clearlogo></clearlogo>
        <screenshot></screenshot>
    </assets>
  </extension>
</addon>
